<?xml version="1.0" encoding="UTF-8"?>
<project-private xmlns="http://www.netbeans.org/ns/project-private/1">
    <editor-bookmarks xmlns="http://www.netbeans.org/ns/editor-bookmarks/2" lastBookmarkId="0"/>
    <open-files xmlns="http://www.netbeans.org/ns/projectui-open-files/1">
        <file>file:/C:/Oracle/JavaFX2.2.25/Samples/UIControlSamples/src/filechoosersample/FileChooserSample.java</file>
        <file>file:/C:/Oracle/JavaFX2.2.25/Samples/UIControlSamples/src/menusample/MenuSample.java</file>
        <file>file:/C:/Oracle/JavaFX2.2.25/Samples/UIControlSamples/src/scrollbarsample/ScrollBarSample.java</file>
    </open-files>
</project-private>
